{"cameraMode":{"drawMode":0,"name":"Shaded","section":"Shading Mode"},"sceneLighting":true,"audioPlay":false,"sceneViewState":{"m_AlwaysRefresh":false,"showFog":true,"showSkybox":true,"showFlares":true,"showImageEffects":true,"showParticleSystems":true,"showVisualEffectGraphs":true,"m_FxEnabled":true},"in2DMode":false,"pivot":{"x":1.1815770864486695,"y":2.6829521656036379,"z":-5.5359883308410648},"rotation":{"x":0.07049247622489929,"y":0.08517751842737198,"z":-0.0060414038598537449,"w":0.9938523769378662},"size":9.456635475158692,"orthographic":false}